1;Allemagne;BMW;http://marque-voiture.com/wp-content/uploads/2015/09/Logo-BMW.png
2;Allemagne;Audi;https://logorigine.files.wordpress.com/2011/10/audi.jpg
3;Allemagne;Mercedes-Benz;http://img-4.linternaute.com/1-LEMaS_STjpCxtO0y9n8Lvcsmk=/fit-in/620x/smart/a918fdddbac94bad80a766bbcff6ac83/ccmcms-linternaute/1257312.jpg
4;Allemagne;Volkswagen;http://marque-voiture.com/wp-content/uploads/2015/10/logo-Volkswagen.png
5;Englend;ASTON MARTIN;http://www.msports.fr/wp-content/uploads/2017/09/aston_martin_logo_png.png
6;Englend;BENTLEY;http://www.car-logos.org/wp-content/uploads/2011/09/bentley.png
7;Englend;JAGUAR;http://marque-voiture.com/wp-content/uploads/2015/10/logo-Jaguar.png
8;Englend;LAND ROVER ;https://i.ytimg.com/vi/1PJnApnodyI/maxresdefault.jpg
9;France;Citroen;https://images.caradisiac.com/logos/3/4/5/7/193457/S7-un-nouveau-logo-pour-citroen-110567.jpg
10;France;Dacia;http://marque-voiture.com/wp-content/uploads/2016/01/logo-Dacia.png
11;France;PEUGEOT;https://upload.wikimedia.org/wikipedia/fr/b/b9/Peugeot_logo2009.png
12;France;RENAULT;http://tous-logos.com/wp-content/uploads/2017/07/Symbole-Renault.jpg
13;Italie;Alfa Romeo;https://upload.wikimedia.org/wikipedia/commons/thumb/1/1a/Alfa-romeo-formula-1-4_1.jpg/280px-Alfa-romeo-formula-1-4_1.jpg
14;Italie;FERRARI;http://www.petanquevignoble.ch/Photos/albums/userpics/10006/logo-ferrari.png
15;Italie;FIAT;https://images-eu.ssl-images-amazon.com/images/I/417Sr8dHbVL._AC_US218_.jpg
16;Italie;LAMBORGHINI;https://i.kinja-img.com/gawker-media/image/upload/s--tZWqEcE9--/c_fit,f_auto,fl_progressive,q_80,w_320/18ax71qxvlrobjpg.jpg
17;Italie;MASERATI;https://i.pinimg.com/originals/fc/e7/34/fce734afe4949141d3faa1041fa50bb7.jpg
18;Japon;HONDA;https://lezebre.lu/images/thumbnails/915/800/detailed/15/19011-honda-logo-auto-modele-2.png
19;Japon;MAZDA;http://marque-voiture.com/wp-content/uploads/2015/10/Mazda-Logo.jpg
20;Japon;MITSUBISHI;https://seeklogo.com/images/M/mitsubishi-logo-67EA251D5A-seeklogo.com.png
21;Japon;NISSAN;http://nissannews.com/en-US/nissan/usa/photos/e05c/efce/e05cefce-ebf8-466a-95e0-ebd1ea503f6a-768x432.jpg
22;Japon;TOYOTA;http://marque-voiture.com/wp-content/uploads/2017/08/le-logo-Toyota-450x343.png
